"_ResourceId",duration,"count_"
"/subscriptions/68667445-958a-4c92-b173-cfab60df2c36/resourcegroups/webshop-log/providers/microsoft.insights/components/low-docker",6,6
"/subscriptions/68667445-958a-4c92-b173-cfab60df2c36/resourcegroups/webshop-log/providers/microsoft.insights/components/low-docker",7,311
"/subscriptions/68667445-958a-4c92-b173-cfab60df2c36/resourcegroups/webshop-log/providers/microsoft.insights/components/low-docker",8,2506
"/subscriptions/68667445-958a-4c92-b173-cfab60df2c36/resourcegroups/webshop-log/providers/microsoft.insights/components/low-docker",9,2158
"/subscriptions/68667445-958a-4c92-b173-cfab60df2c36/resourcegroups/webshop-log/providers/microsoft.insights/components/low-docker",10,603
"/subscriptions/68667445-958a-4c92-b173-cfab60df2c36/resourcegroups/webshop-log/providers/microsoft.insights/components/low-docker",11,200
"/subscriptions/68667445-958a-4c92-b173-cfab60df2c36/resourcegroups/webshop-log/providers/microsoft.insights/components/low-docker",12,94
"/subscriptions/68667445-958a-4c92-b173-cfab60df2c36/resourcegroups/webshop-log/providers/microsoft.insights/components/low-docker",13,86
"/subscriptions/68667445-958a-4c92-b173-cfab60df2c36/resourcegroups/webshop-log/providers/microsoft.insights/components/low-docker",14,59
"/subscriptions/68667445-958a-4c92-b173-cfab60df2c36/resourcegroups/webshop-log/providers/microsoft.insights/components/low-docker",15,22
"/subscriptions/68667445-958a-4c92-b173-cfab60df2c36/resourcegroups/webshop-log/providers/microsoft.insights/components/low-docker",16,26
"/subscriptions/68667445-958a-4c92-b173-cfab60df2c36/resourcegroups/webshop-log/providers/microsoft.insights/components/low-docker",17,10
"/subscriptions/68667445-958a-4c92-b173-cfab60df2c36/resourcegroups/webshop-log/providers/microsoft.insights/components/low-docker",18,5
"/subscriptions/68667445-958a-4c92-b173-cfab60df2c36/resourcegroups/webshop-log/providers/microsoft.insights/components/low-docker",19,5
"/subscriptions/68667445-958a-4c92-b173-cfab60df2c36/resourcegroups/webshop-log/providers/microsoft.insights/components/low-docker",20,2
"/subscriptions/68667445-958a-4c92-b173-cfab60df2c36/resourcegroups/webshop-log/providers/microsoft.insights/components/low-docker",21,4
"/subscriptions/68667445-958a-4c92-b173-cfab60df2c36/resourcegroups/webshop-log/providers/microsoft.insights/components/low-docker",22,3
"/subscriptions/68667445-958a-4c92-b173-cfab60df2c36/resourcegroups/webshop-log/providers/microsoft.insights/components/low-docker",23,1
"/subscriptions/68667445-958a-4c92-b173-cfab60df2c36/resourcegroups/webshop-log/providers/microsoft.insights/components/low-docker",24,4
"/subscriptions/68667445-958a-4c92-b173-cfab60df2c36/resourcegroups/webshop-log/providers/microsoft.insights/components/low-docker",25,1
"/subscriptions/68667445-958a-4c92-b173-cfab60df2c36/resourcegroups/webshop-log/providers/microsoft.insights/components/low-docker",26,3
"/subscriptions/68667445-958a-4c92-b173-cfab60df2c36/resourcegroups/webshop-log/providers/microsoft.insights/components/low-docker",27,2
"/subscriptions/68667445-958a-4c92-b173-cfab60df2c36/resourcegroups/webshop-log/providers/microsoft.insights/components/low-docker",30,1
"/subscriptions/68667445-958a-4c92-b173-cfab60df2c36/resourcegroups/webshop-log/providers/microsoft.insights/components/low-docker",34,1
"/subscriptions/68667445-958a-4c92-b173-cfab60df2c36/resourcegroups/webshop-log/providers/microsoft.insights/components/low-docker",37,1
"/subscriptions/68667445-958a-4c92-b173-cfab60df2c36/resourcegroups/webshop-log/providers/microsoft.insights/components/low-docker",41,1
"/subscriptions/68667445-958a-4c92-b173-cfab60df2c36/resourcegroups/webshop-log/providers/microsoft.insights/components/low-docker",46,1
"/subscriptions/68667445-958a-4c92-b173-cfab60df2c36/resourcegroups/webshop-log/providers/microsoft.insights/components/low-docker",48,1
"/subscriptions/68667445-958a-4c92-b173-cfab60df2c36/resourcegroups/webshop-log/providers/microsoft.insights/components/low-docker",91,1
"/subscriptions/68667445-958a-4c92-b173-cfab60df2c36/resourcegroups/webshop-log/providers/microsoft.insights/components/low-docker",103,1
"/subscriptions/68667445-958a-4c92-b173-cfab60df2c36/resourcegroups/webshop-log/providers/microsoft.insights/components/low-docker",159,1
"/subscriptions/68667445-958a-4c92-b173-cfab60df2c36/resourcegroups/webshop-log/providers/microsoft.insights/components/low-docker",317,1
"/subscriptions/68667445-958a-4c92-b173-cfab60df2c36/resourcegroups/webshop-log/providers/microsoft.insights/components/low-docker",1167,1
"/subscriptions/68667445-958a-4c92-b173-cfab60df2c36/resourcegroups/webshop-log/providers/microsoft.insights/components/low-docker",1356,1
"/subscriptions/68667445-958a-4c92-b173-cfab60df2c36/resourcegroups/webshop-log/providers/microsoft.insights/components/high-docker",5,6
"/subscriptions/68667445-958a-4c92-b173-cfab60df2c36/resourcegroups/webshop-log/providers/microsoft.insights/components/high-docker",6,317
"/subscriptions/68667445-958a-4c92-b173-cfab60df2c36/resourcegroups/webshop-log/providers/microsoft.insights/components/high-docker",7,1467
"/subscriptions/68667445-958a-4c92-b173-cfab60df2c36/resourcegroups/webshop-log/providers/microsoft.insights/components/high-docker",8,1455
"/subscriptions/68667445-958a-4c92-b173-cfab60df2c36/resourcegroups/webshop-log/providers/microsoft.insights/components/high-docker",9,906
"/subscriptions/68667445-958a-4c92-b173-cfab60df2c36/resourcegroups/webshop-log/providers/microsoft.insights/components/high-docker",10,562
"/subscriptions/68667445-958a-4c92-b173-cfab60df2c36/resourcegroups/webshop-log/providers/microsoft.insights/components/high-docker",11,420
"/subscriptions/68667445-958a-4c92-b173-cfab60df2c36/resourcegroups/webshop-log/providers/microsoft.insights/components/high-docker",12,296
"/subscriptions/68667445-958a-4c92-b173-cfab60df2c36/resourcegroups/webshop-log/providers/microsoft.insights/components/high-docker",13,202
"/subscriptions/68667445-958a-4c92-b173-cfab60df2c36/resourcegroups/webshop-log/providers/microsoft.insights/components/high-docker",14,166
"/subscriptions/68667445-958a-4c92-b173-cfab60df2c36/resourcegroups/webshop-log/providers/microsoft.insights/components/high-docker",15,118
"/subscriptions/68667445-958a-4c92-b173-cfab60df2c36/resourcegroups/webshop-log/providers/microsoft.insights/components/high-docker",16,86
"/subscriptions/68667445-958a-4c92-b173-cfab60df2c36/resourcegroups/webshop-log/providers/microsoft.insights/components/high-docker",17,76
"/subscriptions/68667445-958a-4c92-b173-cfab60df2c36/resourcegroups/webshop-log/providers/microsoft.insights/components/high-docker",18,62
"/subscriptions/68667445-958a-4c92-b173-cfab60df2c36/resourcegroups/webshop-log/providers/microsoft.insights/components/high-docker",19,46
"/subscriptions/68667445-958a-4c92-b173-cfab60df2c36/resourcegroups/webshop-log/providers/microsoft.insights/components/high-docker",20,39
"/subscriptions/68667445-958a-4c92-b173-cfab60df2c36/resourcegroups/webshop-log/providers/microsoft.insights/components/high-docker",21,32
"/subscriptions/68667445-958a-4c92-b173-cfab60df2c36/resourcegroups/webshop-log/providers/microsoft.insights/components/high-docker",22,40
"/subscriptions/68667445-958a-4c92-b173-cfab60df2c36/resourcegroups/webshop-log/providers/microsoft.insights/components/high-docker",23,23
"/subscriptions/68667445-958a-4c92-b173-cfab60df2c36/resourcegroups/webshop-log/providers/microsoft.insights/components/high-docker",24,23
"/subscriptions/68667445-958a-4c92-b173-cfab60df2c36/resourcegroups/webshop-log/providers/microsoft.insights/components/high-docker",25,13
"/subscriptions/68667445-958a-4c92-b173-cfab60df2c36/resourcegroups/webshop-log/providers/microsoft.insights/components/high-docker",26,8
"/subscriptions/68667445-958a-4c92-b173-cfab60df2c36/resourcegroups/webshop-log/providers/microsoft.insights/components/high-docker",27,5
"/subscriptions/68667445-958a-4c92-b173-cfab60df2c36/resourcegroups/webshop-log/providers/microsoft.insights/components/high-docker",28,10
"/subscriptions/68667445-958a-4c92-b173-cfab60df2c36/resourcegroups/webshop-log/providers/microsoft.insights/components/high-docker",29,6
"/subscriptions/68667445-958a-4c92-b173-cfab60df2c36/resourcegroups/webshop-log/providers/microsoft.insights/components/high-docker",30,4
"/subscriptions/68667445-958a-4c92-b173-cfab60df2c36/resourcegroups/webshop-log/providers/microsoft.insights/components/high-docker",31,6
"/subscriptions/68667445-958a-4c92-b173-cfab60df2c36/resourcegroups/webshop-log/providers/microsoft.insights/components/high-docker",32,6
"/subscriptions/68667445-958a-4c92-b173-cfab60df2c36/resourcegroups/webshop-log/providers/microsoft.insights/components/high-docker",33,2
"/subscriptions/68667445-958a-4c92-b173-cfab60df2c36/resourcegroups/webshop-log/providers/microsoft.insights/components/high-docker",34,7
"/subscriptions/68667445-958a-4c92-b173-cfab60df2c36/resourcegroups/webshop-log/providers/microsoft.insights/components/high-docker",35,2
"/subscriptions/68667445-958a-4c92-b173-cfab60df2c36/resourcegroups/webshop-log/providers/microsoft.insights/components/high-docker",36,5
"/subscriptions/68667445-958a-4c92-b173-cfab60df2c36/resourcegroups/webshop-log/providers/microsoft.insights/components/high-docker",37,3
"/subscriptions/68667445-958a-4c92-b173-cfab60df2c36/resourcegroups/webshop-log/providers/microsoft.insights/components/high-docker",38,2
"/subscriptions/68667445-958a-4c92-b173-cfab60df2c36/resourcegroups/webshop-log/providers/microsoft.insights/components/high-docker",39,3
"/subscriptions/68667445-958a-4c92-b173-cfab60df2c36/resourcegroups/webshop-log/providers/microsoft.insights/components/high-docker",40,1
"/subscriptions/68667445-958a-4c92-b173-cfab60df2c36/resourcegroups/webshop-log/providers/microsoft.insights/components/high-docker",41,1
"/subscriptions/68667445-958a-4c92-b173-cfab60df2c36/resourcegroups/webshop-log/providers/microsoft.insights/components/high-docker",42,1
"/subscriptions/68667445-958a-4c92-b173-cfab60df2c36/resourcegroups/webshop-log/providers/microsoft.insights/components/high-docker",46,1
"/subscriptions/68667445-958a-4c92-b173-cfab60df2c36/resourcegroups/webshop-log/providers/microsoft.insights/components/high-docker",50,2
"/subscriptions/68667445-958a-4c92-b173-cfab60df2c36/resourcegroups/webshop-log/providers/microsoft.insights/components/high-docker",56,1
"/subscriptions/68667445-958a-4c92-b173-cfab60df2c36/resourcegroups/webshop-log/providers/microsoft.insights/components/high-docker",67,1
"/subscriptions/68667445-958a-4c92-b173-cfab60df2c36/resourcegroups/webshop-log/providers/microsoft.insights/components/high-docker",73,1
"/subscriptions/68667445-958a-4c92-b173-cfab60df2c36/resourcegroups/webshop-log/providers/microsoft.insights/components/high-docker",115,1
"/subscriptions/68667445-958a-4c92-b173-cfab60df2c36/resourcegroups/webshop-log/providers/microsoft.insights/components/high-docker",129,1
"/subscriptions/68667445-958a-4c92-b173-cfab60df2c36/resourcegroups/webshop-log/providers/microsoft.insights/components/mid-docker",5,2
"/subscriptions/68667445-958a-4c92-b173-cfab60df2c36/resourcegroups/webshop-log/providers/microsoft.insights/components/mid-docker",6,294
"/subscriptions/68667445-958a-4c92-b173-cfab60df2c36/resourcegroups/webshop-log/providers/microsoft.insights/components/mid-docker",7,1293
"/subscriptions/68667445-958a-4c92-b173-cfab60df2c36/resourcegroups/webshop-log/providers/microsoft.insights/components/mid-docker",8,1418
"/subscriptions/68667445-958a-4c92-b173-cfab60df2c36/resourcegroups/webshop-log/providers/microsoft.insights/components/mid-docker",9,1121
"/subscriptions/68667445-958a-4c92-b173-cfab60df2c36/resourcegroups/webshop-log/providers/microsoft.insights/components/mid-docker",10,743
"/subscriptions/68667445-958a-4c92-b173-cfab60df2c36/resourcegroups/webshop-log/providers/microsoft.insights/components/mid-docker",11,599
"/subscriptions/68667445-958a-4c92-b173-cfab60df2c36/resourcegroups/webshop-log/providers/microsoft.insights/components/mid-docker",12,428
"/subscriptions/68667445-958a-4c92-b173-cfab60df2c36/resourcegroups/webshop-log/providers/microsoft.insights/components/mid-docker",13,278
"/subscriptions/68667445-958a-4c92-b173-cfab60df2c36/resourcegroups/webshop-log/providers/microsoft.insights/components/mid-docker",14,193
"/subscriptions/68667445-958a-4c92-b173-cfab60df2c36/resourcegroups/webshop-log/providers/microsoft.insights/components/mid-docker",15,146
"/subscriptions/68667445-958a-4c92-b173-cfab60df2c36/resourcegroups/webshop-log/providers/microsoft.insights/components/mid-docker",16,118
"/subscriptions/68667445-958a-4c92-b173-cfab60df2c36/resourcegroups/webshop-log/providers/microsoft.insights/components/mid-docker",17,87
"/subscriptions/68667445-958a-4c92-b173-cfab60df2c36/resourcegroups/webshop-log/providers/microsoft.insights/components/mid-docker",18,54
"/subscriptions/68667445-958a-4c92-b173-cfab60df2c36/resourcegroups/webshop-log/providers/microsoft.insights/components/mid-docker",19,43
"/subscriptions/68667445-958a-4c92-b173-cfab60df2c36/resourcegroups/webshop-log/providers/microsoft.insights/components/mid-docker",20,36
"/subscriptions/68667445-958a-4c92-b173-cfab60df2c36/resourcegroups/webshop-log/providers/microsoft.insights/components/mid-docker",21,25
"/subscriptions/68667445-958a-4c92-b173-cfab60df2c36/resourcegroups/webshop-log/providers/microsoft.insights/components/mid-docker",22,30
"/subscriptions/68667445-958a-4c92-b173-cfab60df2c36/resourcegroups/webshop-log/providers/microsoft.insights/components/mid-docker",23,11
"/subscriptions/68667445-958a-4c92-b173-cfab60df2c36/resourcegroups/webshop-log/providers/microsoft.insights/components/mid-docker",24,18
"/subscriptions/68667445-958a-4c92-b173-cfab60df2c36/resourcegroups/webshop-log/providers/microsoft.insights/components/mid-docker",25,16
"/subscriptions/68667445-958a-4c92-b173-cfab60df2c36/resourcegroups/webshop-log/providers/microsoft.insights/components/mid-docker",26,13
"/subscriptions/68667445-958a-4c92-b173-cfab60df2c36/resourcegroups/webshop-log/providers/microsoft.insights/components/mid-docker",27,5
"/subscriptions/68667445-958a-4c92-b173-cfab60df2c36/resourcegroups/webshop-log/providers/microsoft.insights/components/mid-docker",28,5
"/subscriptions/68667445-958a-4c92-b173-cfab60df2c36/resourcegroups/webshop-log/providers/microsoft.insights/components/mid-docker",29,9
"/subscriptions/68667445-958a-4c92-b173-cfab60df2c36/resourcegroups/webshop-log/providers/microsoft.insights/components/mid-docker",30,9
"/subscriptions/68667445-958a-4c92-b173-cfab60df2c36/resourcegroups/webshop-log/providers/microsoft.insights/components/mid-docker",31,2
"/subscriptions/68667445-958a-4c92-b173-cfab60df2c36/resourcegroups/webshop-log/providers/microsoft.insights/components/mid-docker",32,5
"/subscriptions/68667445-958a-4c92-b173-cfab60df2c36/resourcegroups/webshop-log/providers/microsoft.insights/components/mid-docker",33,1
"/subscriptions/68667445-958a-4c92-b173-cfab60df2c36/resourcegroups/webshop-log/providers/microsoft.insights/components/mid-docker",34,5
"/subscriptions/68667445-958a-4c92-b173-cfab60df2c36/resourcegroups/webshop-log/providers/microsoft.insights/components/mid-docker",35,2
"/subscriptions/68667445-958a-4c92-b173-cfab60df2c36/resourcegroups/webshop-log/providers/microsoft.insights/components/mid-docker",36,2
"/subscriptions/68667445-958a-4c92-b173-cfab60df2c36/resourcegroups/webshop-log/providers/microsoft.insights/components/mid-docker",37,2
"/subscriptions/68667445-958a-4c92-b173-cfab60df2c36/resourcegroups/webshop-log/providers/microsoft.insights/components/mid-docker",38,2
"/subscriptions/68667445-958a-4c92-b173-cfab60df2c36/resourcegroups/webshop-log/providers/microsoft.insights/components/mid-docker",39,1
"/subscriptions/68667445-958a-4c92-b173-cfab60df2c36/resourcegroups/webshop-log/providers/microsoft.insights/components/mid-docker",41,1
"/subscriptions/68667445-958a-4c92-b173-cfab60df2c36/resourcegroups/webshop-log/providers/microsoft.insights/components/mid-docker",42,3
"/subscriptions/68667445-958a-4c92-b173-cfab60df2c36/resourcegroups/webshop-log/providers/microsoft.insights/components/mid-docker",43,1
"/subscriptions/68667445-958a-4c92-b173-cfab60df2c36/resourcegroups/webshop-log/providers/microsoft.insights/components/mid-docker",45,4
"/subscriptions/68667445-958a-4c92-b173-cfab60df2c36/resourcegroups/webshop-log/providers/microsoft.insights/components/mid-docker",46,1
"/subscriptions/68667445-958a-4c92-b173-cfab60df2c36/resourcegroups/webshop-log/providers/microsoft.insights/components/mid-docker",47,1
"/subscriptions/68667445-958a-4c92-b173-cfab60df2c36/resourcegroups/webshop-log/providers/microsoft.insights/components/mid-docker",48,2
"/subscriptions/68667445-958a-4c92-b173-cfab60df2c36/resourcegroups/webshop-log/providers/microsoft.insights/components/mid-docker",61,1
"/subscriptions/68667445-958a-4c92-b173-cfab60df2c36/resourcegroups/webshop-log/providers/microsoft.insights/components/mid-docker",77,1
"/subscriptions/68667445-958a-4c92-b173-cfab60df2c36/resourcegroups/webshop-log/providers/microsoft.insights/components/mid-docker",82,1
"/subscriptions/68667445-958a-4c92-b173-cfab60df2c36/resourcegroups/webshop-log/providers/microsoft.insights/components/mid-docker",85,1
"/subscriptions/68667445-958a-4c92-b173-cfab60df2c36/resourcegroups/webshop-log/providers/microsoft.insights/components/mid-docker",86,1
"/subscriptions/68667445-958a-4c92-b173-cfab60df2c36/resourcegroups/webshop-log/providers/microsoft.insights/components/mid-docker",88,1
"/subscriptions/68667445-958a-4c92-b173-cfab60df2c36/resourcegroups/webshop-log/providers/microsoft.insights/components/mid-docker",92,1
"/subscriptions/68667445-958a-4c92-b173-cfab60df2c36/resourcegroups/webshop-log/providers/microsoft.insights/components/mid-docker",93,1
"/subscriptions/68667445-958a-4c92-b173-cfab60df2c36/resourcegroups/webshop-log/providers/microsoft.insights/components/mid-docker",94,1
"/subscriptions/68667445-958a-4c92-b173-cfab60df2c36/resourcegroups/webshop-log/providers/microsoft.insights/components/mid-docker",98,1
"/subscriptions/68667445-958a-4c92-b173-cfab60df2c36/resourcegroups/webshop-log/providers/microsoft.insights/components/mid-docker",99,1
"/subscriptions/68667445-958a-4c92-b173-cfab60df2c36/resourcegroups/webshop-log/providers/microsoft.insights/components/mid-docker",109,1
"/subscriptions/68667445-958a-4c92-b173-cfab60df2c36/resourcegroups/webshop-log/providers/microsoft.insights/components/mid-docker",114,1
"/subscriptions/68667445-958a-4c92-b173-cfab60df2c36/resourcegroups/webshop-log/providers/microsoft.insights/components/high-vm",5,1227
"/subscriptions/68667445-958a-4c92-b173-cfab60df2c36/resourcegroups/webshop-log/providers/microsoft.insights/components/high-vm",6,11006
"/subscriptions/68667445-958a-4c92-b173-cfab60df2c36/resourcegroups/webshop-log/providers/microsoft.insights/components/high-vm",7,8891
"/subscriptions/68667445-958a-4c92-b173-cfab60df2c36/resourcegroups/webshop-log/providers/microsoft.insights/components/high-vm",8,2740
"/subscriptions/68667445-958a-4c92-b173-cfab60df2c36/resourcegroups/webshop-log/providers/microsoft.insights/components/high-vm",9,965
"/subscriptions/68667445-958a-4c92-b173-cfab60df2c36/resourcegroups/webshop-log/providers/microsoft.insights/components/high-vm",10,502
"/subscriptions/68667445-958a-4c92-b173-cfab60df2c36/resourcegroups/webshop-log/providers/microsoft.insights/components/high-vm",11,288
"/subscriptions/68667445-958a-4c92-b173-cfab60df2c36/resourcegroups/webshop-log/providers/microsoft.insights/components/high-vm",12,183
"/subscriptions/68667445-958a-4c92-b173-cfab60df2c36/resourcegroups/webshop-log/providers/microsoft.insights/components/high-vm",13,112
"/subscriptions/68667445-958a-4c92-b173-cfab60df2c36/resourcegroups/webshop-log/providers/microsoft.insights/components/high-vm",14,100
"/subscriptions/68667445-958a-4c92-b173-cfab60df2c36/resourcegroups/webshop-log/providers/microsoft.insights/components/high-vm",15,113
"/subscriptions/68667445-958a-4c92-b173-cfab60df2c36/resourcegroups/webshop-log/providers/microsoft.insights/components/high-vm",16,80
"/subscriptions/68667445-958a-4c92-b173-cfab60df2c36/resourcegroups/webshop-log/providers/microsoft.insights/components/high-vm",17,41
"/subscriptions/68667445-958a-4c92-b173-cfab60df2c36/resourcegroups/webshop-log/providers/microsoft.insights/components/high-vm",18,36
"/subscriptions/68667445-958a-4c92-b173-cfab60df2c36/resourcegroups/webshop-log/providers/microsoft.insights/components/high-vm",19,23
"/subscriptions/68667445-958a-4c92-b173-cfab60df2c36/resourcegroups/webshop-log/providers/microsoft.insights/components/high-vm",20,9
"/subscriptions/68667445-958a-4c92-b173-cfab60df2c36/resourcegroups/webshop-log/providers/microsoft.insights/components/high-vm",21,8
"/subscriptions/68667445-958a-4c92-b173-cfab60df2c36/resourcegroups/webshop-log/providers/microsoft.insights/components/high-vm",22,8
"/subscriptions/68667445-958a-4c92-b173-cfab60df2c36/resourcegroups/webshop-log/providers/microsoft.insights/components/high-vm",23,1
"/subscriptions/68667445-958a-4c92-b173-cfab60df2c36/resourcegroups/webshop-log/providers/microsoft.insights/components/high-vm",24,1
"/subscriptions/68667445-958a-4c92-b173-cfab60df2c36/resourcegroups/webshop-log/providers/microsoft.insights/components/high-vm",25,1
"/subscriptions/68667445-958a-4c92-b173-cfab60df2c36/resourcegroups/webshop-log/providers/microsoft.insights/components/high-vm",27,1
"/subscriptions/68667445-958a-4c92-b173-cfab60df2c36/resourcegroups/webshop-log/providers/microsoft.insights/components/high-vm",30,1
"/subscriptions/68667445-958a-4c92-b173-cfab60df2c36/resourcegroups/webshop-log/providers/microsoft.insights/components/high-vm",34,1
"/subscriptions/68667445-958a-4c92-b173-cfab60df2c36/resourcegroups/webshop-log/providers/microsoft.insights/components/low-vm",6,54
"/subscriptions/68667445-958a-4c92-b173-cfab60df2c36/resourcegroups/webshop-log/providers/microsoft.insights/components/low-vm",7,1584
"/subscriptions/68667445-958a-4c92-b173-cfab60df2c36/resourcegroups/webshop-log/providers/microsoft.insights/components/low-vm",8,3319
"/subscriptions/68667445-958a-4c92-b173-cfab60df2c36/resourcegroups/webshop-log/providers/microsoft.insights/components/low-vm",9,1012
"/subscriptions/68667445-958a-4c92-b173-cfab60df2c36/resourcegroups/webshop-log/providers/microsoft.insights/components/low-vm",10,129
"/subscriptions/68667445-958a-4c92-b173-cfab60df2c36/resourcegroups/webshop-log/providers/microsoft.insights/components/low-vm",11,22
"/subscriptions/68667445-958a-4c92-b173-cfab60df2c36/resourcegroups/webshop-log/providers/microsoft.insights/components/low-vm",12,11
"/subscriptions/68667445-958a-4c92-b173-cfab60df2c36/resourcegroups/webshop-log/providers/microsoft.insights/components/low-vm",13,6
"/subscriptions/68667445-958a-4c92-b173-cfab60df2c36/resourcegroups/webshop-log/providers/microsoft.insights/components/low-vm",14,4
"/subscriptions/68667445-958a-4c92-b173-cfab60df2c36/resourcegroups/webshop-log/providers/microsoft.insights/components/low-vm",15,3
"/subscriptions/68667445-958a-4c92-b173-cfab60df2c36/resourcegroups/webshop-log/providers/microsoft.insights/components/low-vm",16,2
"/subscriptions/68667445-958a-4c92-b173-cfab60df2c36/resourcegroups/webshop-log/providers/microsoft.insights/components/low-vm",17,1
"/subscriptions/68667445-958a-4c92-b173-cfab60df2c36/resourcegroups/webshop-log/providers/microsoft.insights/components/low-vm",18,2
"/subscriptions/68667445-958a-4c92-b173-cfab60df2c36/resourcegroups/webshop-log/providers/microsoft.insights/components/low-vm",20,3
"/subscriptions/68667445-958a-4c92-b173-cfab60df2c36/resourcegroups/webshop-log/providers/microsoft.insights/components/low-vm",22,1
"/subscriptions/68667445-958a-4c92-b173-cfab60df2c36/resourcegroups/webshop-log/providers/microsoft.insights/components/low-vm",26,1
"/subscriptions/68667445-958a-4c92-b173-cfab60df2c36/resourcegroups/webshop-log/providers/microsoft.insights/components/low-vm",80,1
"/subscriptions/68667445-958a-4c92-b173-cfab60df2c36/resourcegroups/webshop-log/providers/microsoft.insights/components/low-vm",86,1
"/subscriptions/68667445-958a-4c92-b173-cfab60df2c36/resourcegroups/webshop-log/providers/microsoft.insights/components/low-vm",91,1
"/subscriptions/68667445-958a-4c92-b173-cfab60df2c36/resourcegroups/webshop-log/providers/microsoft.insights/components/low-vm",101,1
"/subscriptions/68667445-958a-4c92-b173-cfab60df2c36/resourcegroups/webshop-log/providers/microsoft.insights/components/low-vm",106,1
"/subscriptions/68667445-958a-4c92-b173-cfab60df2c36/resourcegroups/webshop-log/providers/microsoft.insights/components/low-vm",107,2
"/subscriptions/68667445-958a-4c92-b173-cfab60df2c36/resourcegroups/webshop-log/providers/microsoft.insights/components/low-vm",142,1
"/subscriptions/68667445-958a-4c92-b173-cfab60df2c36/resourcegroups/webshop-log/providers/microsoft.insights/components/low-vm",186,2
"/subscriptions/68667445-958a-4c92-b173-cfab60df2c36/resourcegroups/webshop-log/providers/microsoft.insights/components/low-vm",226,1
"/subscriptions/68667445-958a-4c92-b173-cfab60df2c36/resourcegroups/webshop-log/providers/microsoft.insights/components/low-vm",240,1
"/subscriptions/68667445-958a-4c92-b173-cfab60df2c36/resourcegroups/webshop-log/providers/microsoft.insights/components/mid-vm",5,126
"/subscriptions/68667445-958a-4c92-b173-cfab60df2c36/resourcegroups/webshop-log/providers/microsoft.insights/components/mid-vm",6,2022
"/subscriptions/68667445-958a-4c92-b173-cfab60df2c36/resourcegroups/webshop-log/providers/microsoft.insights/components/mid-vm",7,2763
"/subscriptions/68667445-958a-4c92-b173-cfab60df2c36/resourcegroups/webshop-log/providers/microsoft.insights/components/mid-vm",8,1883
"/subscriptions/68667445-958a-4c92-b173-cfab60df2c36/resourcegroups/webshop-log/providers/microsoft.insights/components/mid-vm",9,1028
"/subscriptions/68667445-958a-4c92-b173-cfab60df2c36/resourcegroups/webshop-log/providers/microsoft.insights/components/mid-vm",10,410
"/subscriptions/68667445-958a-4c92-b173-cfab60df2c36/resourcegroups/webshop-log/providers/microsoft.insights/components/mid-vm",11,135
"/subscriptions/68667445-958a-4c92-b173-cfab60df2c36/resourcegroups/webshop-log/providers/microsoft.insights/components/mid-vm",12,64
"/subscriptions/68667445-958a-4c92-b173-cfab60df2c36/resourcegroups/webshop-log/providers/microsoft.insights/components/mid-vm",13,48
"/subscriptions/68667445-958a-4c92-b173-cfab60df2c36/resourcegroups/webshop-log/providers/microsoft.insights/components/mid-vm",14,22
"/subscriptions/68667445-958a-4c92-b173-cfab60df2c36/resourcegroups/webshop-log/providers/microsoft.insights/components/mid-vm",15,17
"/subscriptions/68667445-958a-4c92-b173-cfab60df2c36/resourcegroups/webshop-log/providers/microsoft.insights/components/mid-vm",16,6
"/subscriptions/68667445-958a-4c92-b173-cfab60df2c36/resourcegroups/webshop-log/providers/microsoft.insights/components/mid-vm",17,6
"/subscriptions/68667445-958a-4c92-b173-cfab60df2c36/resourcegroups/webshop-log/providers/microsoft.insights/components/mid-vm",18,4
"/subscriptions/68667445-958a-4c92-b173-cfab60df2c36/resourcegroups/webshop-log/providers/microsoft.insights/components/mid-vm",19,5
"/subscriptions/68667445-958a-4c92-b173-cfab60df2c36/resourcegroups/webshop-log/providers/microsoft.insights/components/mid-vm",20,1
"/subscriptions/68667445-958a-4c92-b173-cfab60df2c36/resourcegroups/webshop-log/providers/microsoft.insights/components/mid-vm",23,1
"/subscriptions/68667445-958a-4c92-b173-cfab60df2c36/resourcegroups/webshop-log/providers/microsoft.insights/components/mid-vm",25,1
"/subscriptions/68667445-958a-4c92-b173-cfab60df2c36/resourcegroups/webshop-log/providers/microsoft.insights/components/mid-vm",26,1
"/subscriptions/68667445-958a-4c92-b173-cfab60df2c36/resourcegroups/webshop-log/providers/microsoft.insights/components/mid-vm",28,1
"/subscriptions/68667445-958a-4c92-b173-cfab60df2c36/resourcegroups/webshop-log/providers/microsoft.insights/components/mid-vm",29,1
"/subscriptions/68667445-958a-4c92-b173-cfab60df2c36/resourcegroups/webshop-log/providers/microsoft.insights/components/mid-vm",31,1
"/subscriptions/68667445-958a-4c92-b173-cfab60df2c36/resourcegroups/webshop-log/providers/microsoft.insights/components/mid-vm",32,1
"/subscriptions/68667445-958a-4c92-b173-cfab60df2c36/resourcegroups/webshop-log/providers/microsoft.insights/components/mid-vm",35,2
"/subscriptions/68667445-958a-4c92-b173-cfab60df2c36/resourcegroups/webshop-log/providers/microsoft.insights/components/mid-vm",36,1
"/subscriptions/68667445-958a-4c92-b173-cfab60df2c36/resourcegroups/webshop-log/providers/microsoft.insights/components/mid-vm",42,1
"/subscriptions/68667445-958a-4c92-b173-cfab60df2c36/resourcegroups/webshop-log/providers/microsoft.insights/components/mid-vm",48,1
"/subscriptions/68667445-958a-4c92-b173-cfab60df2c36/resourcegroups/webshop-log/providers/microsoft.insights/components/mid-vm",55,1
